block,variety_ID,cross,plant_ID,treatment,Plant_ID,18_05_26,25_05_26,05_06_26,12_06_26,19_06_26,26_06_26,03_07_26,10_07_26,15_07_26,23_07_26,31_07_26,05_08_26
1,1,B3xB4,1,FI,1_B3xB4_1_FI,,,,,,,,,,,,
1,1,B3xB4,2,FI,1_B3xB4_2_FI,,,,,14,21,23,24,53,61,72,79
1,1,B3xB4,3,FI,1_B3xB4_3_FI,,,,,,,,,,,,
1,1,B3xB4,4,FI,1_B3xB4_4_FI,,,,,14,21,24,27,53,73,75,76
1,1,B3xB4,5,FI,1_B3xB4_5_FI,,,,,,,,,,,,
1,1,B3xB4,6,FI,1_B3xB4_6_FI,,,,,,,,,,,,
1,1,B3xB4,7,FI,1_B3xB4_7_FI,,,,,13,19,21,25,29,52,54,71
1,1,B3xB4,8,FI,1_B3xB4_8_FI,,,,,,,,,,,,
1,1,B3xB4,9,FI,1_B3xB4_9_FI,,,,,,,,,,,,
1,1,B3xB4,10,FI,1_B3xB4_10_FI,9,10,16,21,22,29,68,77,79,79,79,79
1,1,B3xB4,11,FI,1_B3xB4_11_FI,,,,,,,,,,,,
1,1,B3xB4,12,FI,1_B3xB4_12_FI,,,,,,,,,,,,
1,1,B3xB4,13,FI,1_B3xB4_13_FI,,,,,13,21,22,26,26,29,29,51
1,1,B3xB4,14,FI,1_B3xB4_14_FI,,,,,,,,,,,,
1,1,B3xB4,15,FI,1_B3xB4_15_FI,,10,15,19,22,29,66,77,79,79,79,79
1,1,B3xB4,16,FI,1_B3xB4_16_FI,,,,,,,,,,,,
1,1,B3xB4,17,FI,1_B3xB4_17_FI,,,,,,,,,,,,
1,1,B3xB4,18,FI,1_B3xB4_18_FI,,,,,14,21,22,25,61,72,73,73
1,1,B3xB4,19,FI,1_B3xB4_19_FI,,,,,,,,,,,,
1,1,B3xB4,20,FI,1_B3xB4_20_FI,,,,,,,,,,,,
1,1,B3xB4,21,FI,1_B3xB4_21_FI,,,,,,,,,,,,
1,1,B3xB4,22,FI,1_B3xB4_22_FI,,,,,12,19,21,25,27,62,75,76
1,1,B3xB4,23,FI,1_B3xB4_23_FI,,,,,,,,,,,,
1,1,B3xB4,24,FI,1_B3xB4_24_FI,5,7,,,13,19,22,26,55,72,79,79
1,1,B3xB4,25,FI,1_B3xB4_25_FI,,,,,,,,,,,,
1,1,B3xB4,26,FI,1_B3xB4_26_FI,,,,,12,17,21,24,25,29,29,61
1,1,B3xB4,27,FI,1_B3xB4_27_FI,,,,,,,,,,,,
1,1,B3xB4,28,FI,1_B3xB4_28_FI,,10,14,19,23,29,71,77,79,79,79,79
1,2,B4xB5,1,FI,1_B4xB5_1_FI,,9,15,19,21,28,29,71,73,74,75,75
1,2,B4xB5,2,FI,1_B4xB5_2_FI,,,,,13,21,,,,,,
1,2,B4xB5,3,FI,1_B4xB5_3_FI,,,,,,,22,23,24,51,71,71
1,2,B4xB5,4,FI,1_B4xB5_4_FI,9,10,18,21,24,64,72,79,79,79,79,79
1,2,B4xB5,5,FI,1_B4xB5_5_FI,9,11,15,19,22,29,51,61,71,72,75,75
1,2,B4xB5,6,FI,1_B4xB5_6_FI,,10,16,21,23,29,71,76,77,77,77,77
1,2,B4xB5,7,FI,1_B4xB5_7_FI,,,,,,,,,,,,
1,2,B4xB5,8,FI,1_B4xB5_8_FI,,,,,13,14,14,16,14,21,21,21
1,2,B4xB5,9,FI,1_B4xB5_9_FI,,12,16,21,24,61,74,79,79,79,79,79
1,2,B4xB5,10,FI,1_B4xB5_10_FI,9,10,14,19,24,29,64,79,79,79,79,79
1,2,B4xB5,11,FI,1_B4xB5_11_FI,,,,,10,14,15,16,12,13,21,21
1,2,B4xB5,12,FI,1_B4xB5_12_FI,,7,,,,,,,,,,
1,2,B4xB5,13,FI,1_B4xB5_13_FI,9,11,16,21,25,62,68,79,79,79,79,79
1,2,B4xB5,14,FI,1_B4xB5_14_FI,,,,,,,,,,,,
1,2,B4xB5,15,FI,1_B4xB5_15_FI,7,7,12,14,21,29,65,73,73,73,76,77
1,2,B4xB5,16,FI,1_B4xB5_16_FI,9,10,16,21,24,29,61,79,79,79,79,79
1,2,B4xB5,17,FI,1_B4xB5_17_FI,,10,14,21,25,29,63,79,79,79,79,79
1,2,B4xB5,18,FI,1_B4xB5_18_FI,,10,16,21,24,29,72,74,76,77,77,77
1,2,B4xB5,19,FI,1_B4xB5_19_FI,,,,,,,,,,,,
1,2,B4xB5,20,FI,1_B4xB5_20_FI,,,,,13,21,22,26,29,61,71,71
1,2,B4xB5,21,FI,1_B4xB5_21_FI,,,,,,,,,,,,
1,2,B4xB5,22,FI,1_B4xB5_22_FI,,,,,13,19,22,29,51,62,62,71
1,2,B4xB5,23,FI,1_B4xB5_23_FI,,,,,,,,,,,,
1,2,B4xB5,24,FI,1_B4xB5_24_FI,,,,,,,,,,,,
1,2,B4xB5,25,FI,1_B4xB5_25_FI,7,11,15,21,25,62,63,79,79,79,79,79
1,2,B4xB5,26,FI,1_B4xB5_26_FI,,,,,12,15,23,23,51,71,71,71
1,2,B4xB5,27,FI,1_B4xB5_27_FI,,,,,,,,,,,,
1,2,B4xB5,28,FI,1_B4xB5_28_FI,,,,,12,16,24,24,54,73,76,78
1,3,B6xB4,1,FI,1_B6xB4_1_FI,,,,,,,,,,,,
1,3,B6xB4,2,FI,1_B6xB4_2_FI,7,12,18,22,26,29,29,72,79,79,79,79
1,3,B6xB4,3,FI,1_B6xB4_3_FI,,,,,,,,,,,,
1,3,B6xB4,4,FI,1_B6xB4_4_FI,,,,,,,,,,,,
1,3,B6xB4,5,FI,1_B6xB4_5_FI,9,11,17,21,26,29,62,77,79,79,79,79
1,3,B6xB4,6,FI,1_B6xB4_6_FI,,,,,,,,,,,,
1,3,B6xB4,7,FI,1_B6xB4_7_FI,,12,17,21,25,61,64,76,78,78,78,78
1,3,B6xB4,8,FI,1_B6xB4_8_FI,,10,15,21,26,29,71,74,77,77,77,77
1,3,B6xB4,9,FI,1_B6xB4_9_FI,,11,17,21,25,29,72,74,75,75,75,75
1,3,B6xB4,10,FI,1_B6xB4_10_FI,,10,17,21,26,29,63,74,74,74,74,74
1,3,B6xB4,11,FI,1_B6xB4_11_FI,,10,16,21,24,29,63,75,77,77,77,77
1,3,B6xB4,12,FI,1_B6xB4_12_FI,,,,,,,,,,,,
1,3,B6xB4,13,FI,1_B6xB4_13_FI,,11,16,21,23,29,71,75,75,75,75,75
1,3,B6xB4,14,FI,1_B6xB4_14_FI,,,,,,,,,,,,
1,3,B6xB4,15,FI,1_B6xB4_15_FI,10,13,17,22,28,28,72,77,77,77,77,77
1,3,B6xB4,16,FI,1_B6xB4_16_FI,,,,,,,,,,,,
1,3,B6xB4,17,FI,1_B6xB4_17_FI,,11,19,19,22,22,71,74,77,77,77,77
1,3,B6xB4,18,FI,1_B6xB4_18_FI,,,,,,,,,,,,
1,3,B6xB4,19,FI,1_B6xB4_19_FI,10,,16,21,25,64,62,73,73,74,74,74
1,3,B6xB4,20,FI,1_B6xB4_20_FI,10,12,19,21,25,29,62,76,77,77,77,77
1,3,B6xB4,21,FI,1_B6xB4_21_FI,,13,,,14,21,74,75,75,75,75,75
1,3,B6xB4,22,FI,1_B6xB4_22_FI,7,10,11,14,21,62,24,63,71,71,71,71
1,3,B6xB4,23,FI,1_B6xB4_23_FI,,,,,13,16,21,24,25,71,71,72
1,3,B6xB4,24,FI,1_B6xB4_24_FI,,,,,13,17,21,24,25,71,71,71
1,3,B6xB4,25,FI,1_B6xB4_25_FI,,,,,13,18,21,21,22,24,29,51
1,3,B6xB4,26,FI,1_B6xB4_26_FI,9,11,16,21,24,29,64,72,77,79,79,79
1,3,B6xB4,27,FI,1_B6xB4_27_FI,,,,,14,19,21,21,21,21,21,21
1,3,B6xB4,28,FI,1_B6xB4_28_FI,,,,,14,19,21,25,25,53,53,71
1,4,B4xB6,1,FI,1_B4xB6_1_FI,,,,,13,19,62,21,21,21,23,23
1,4,B4xB6,2,FI,1_B4xB6_2_FI,5,11,14,19,21,29,62,79,79,79,79,79
1,4,B4xB6,3,FI,1_B4xB6_3_FI,5,11,16,21,24,61,72,77,78,79,79,79
1,4,B4xB6,4,FI,1_B4xB6_4_FI,9,12,18,22,21,62,64,74,78,79,79,79
1,4,B4xB6,5,FI,1_B4xB6_5_FI,,,,,12,19,21,21,,,,
1,4,B4xB6,6,FI,1_B4xB6_6_FI,,,,,,,,,,,,
1,4,B4xB6,7,FI,1_B4xB6_7_FI,,9,14,21,23,29,63,77,79,79,79,79
1,4,B4xB6,8,FI,1_B4xB6_8_FI,,7,15,21,23,29,62,72,74,75,75,77
1,4,B4xB6,9,FI,1_B4xB6_9_FI,,,,,13,21,21,22,23,29,61,71
1,4,B4xB6,10,FI,1_B4xB6_10_FI,,,,,,17,19,21,21,21,21,
1,4,B4xB6,11,FI,1_B4xB6_11_FI,9,11,15,22,26,62,65,79,79,79,79,79
1,4,B4xB6,12,FI,1_B4xB6_12_FI,,,,,13,19,24,24,27,29,51,52
1,4,B4xB6,13,FI,1_B4xB6_13_FI,7,10,,,,,,,,,,
1,4,B4xB6,14,FI,1_B4xB6_14_FI,9,11,15,21,25,64,73,77,79,79,79,79
1,4,B4xB6,15,FI,1_B4xB6_15_FI,9,11,16,21,27,64,73,77,79,79,79,79
1,4,B4xB6,16,FI,1_B4xB6_16_FI,,,,,,,,,,,,
1,4,B4xB6,17,FI,1_B4xB6_17_FI,7,10,11,16,19,29,73,73,73,75,75,76
1,4,B4xB6,18,FI,1_B4xB6_18_FI,,,,,14,14,19,21,21,21,21,21
1,4,B4xB6,19,FI,1_B4xB6_19_FI,9,12,17,22,24,62,71,74,74,75,75,76
1,4,B4xB6,20,FI,1_B4xB6_20_FI,7,12,16,22,26,29,77,79,79,79,79,79
1,4,B4xB6,21,FI,1_B4xB6_21_FI,,7,,,12,19,21,21,21,21,21,21
1,4,B4xB6,22,FI,1_B4xB6_22_FI,,7,13,17,24,29,72,73,76,77,77,77
1,4,B4xB6,23,FI,1_B4xB6_23_FI,,9,15,19,21,29,64,72,74,74,75,75
1,4,B4xB6,24,FI,1_B4xB6_24_FI,7,12,18,22,25,64,71,76,79,79,79,79
1,4,B4xB6,25,FI,1_B4xB6_25_FI,,,,,13,15,72,74,21,21,21,21
1,4,B4xB6,26,FI,1_B4xB6_26_FI,,,,,,,,,,,,
1,4,B4xB6,27,FI,1_B4xB6_27_FI,7,13,18,21,26,64,75,79,79,79,79,79
1,4,B4xB6,28,FI,1_B4xB6_28_FI,7,12,16,21,24,64,75,76,76,76,79,79
2,1,B3xB4,1,FI,2_B3xB4_1_FI,,,,,15,15,19,21,21,23,23,25
2,1,B3xB4,2,FI,2_B3xB4_2_FI,,,,,,,,,,,,
2,1,B3xB4,3,FI,2_B3xB4_3_FI,,11,16,21,25,29,72,73,74,75,77,77
2,1,B3xB4,4,FI,2_B3xB4_4_FI,9,9,15,21,23,29,61,71,71,72,72,72
2,1,B3xB4,5,FI,2_B3xB4_5_FI,,11,19,21,25,29,64,72,72,75,75,75
2,1,B3xB4,6,FI,2_B3xB4_6_FI,,,,,,,,,,,,
2,1,B3xB4,7,FI,2_B3xB4_7_FI,,,,,,,15,16,16,15,18,19
2,1,B3xB4,8,FI,2_B3xB4_8_FI,,,,,12,14,19,21,21,21,21,21
2,1,B3xB4,9,FI,2_B3xB4_9_FI,,,,,12,15,,,,,,
2,1,B3xB4,10,FI,2_B3xB4_10_FI,,,,,,,,,,,,
2,1,B3xB4,11,FI,2_B3xB4_11_FI,9,12,16,21,24,65,73,79,79,79,79,79
2,1,B3xB4,12,FI,2_B3xB4_12_FI,,,,,,,,,,,,
2,1,B3xB4,13,FI,2_B3xB4_13_FI,,,,,,,,,,,,
2,1,B3xB4,14,FI,2_B3xB4_14_FI,,,,,13,19,21,21,21,21,21,22
2,1,B3xB4,15,FI,2_B3xB4_15_FI,,,,,,,,,,,,
2,1,B3xB4,16,FI,2_B3xB4_16_FI,,,,,13,19,21,21,62,23,23,23
2,1,B3xB4,17,FI,2_B3xB4_17_FI,,,,,,,,,,,,
2,1,B3xB4,18,FI,2_B3xB4_18_FI,,,,,,,,,,,,
2,1,B3xB4,19,FI,2_B3xB4_19_FI,,,,,12,14,15,18,18,21,21,51
2,1,B3xB4,20,FI,2_B3xB4_20_FI,,,,,,,,,,,,
2,1,B3xB4,21,FI,2_B3xB4_21_FI,,,,,,,,,,,,
2,1,B3xB4,22,FI,2_B3xB4_22_FI,,,,,,,,,,,,
2,1,B3xB4,23,FI,2_B3xB4_23_FI,,,,,13,16,21,21,21,,,53
2,1,B3xB4,24,FI,2_B3xB4_24_FI,,,,,,,,,,,,
2,1,B3xB4,25,FI,2_B3xB4_25_FI,9,10,15,19,23,29,63,75,75,79,79,79
2,1,B3xB4,26,FI,2_B3xB4_26_FI,,,,,,,,,,,,
2,1,B3xB4,27,FI,2_B3xB4_27_FI,,,,,,,,,,,,
2,1,B3xB4,28,FI,2_B3xB4_28_FI,7,,15,21,24,61,72,79,79,79,79,79
2,2,B4xB5,1,FI,2_B4xB5_1_FI,7,10,15,19,24,29,72,77,77,77,79,79
2,2,B4xB5,2,FI,2_B4xB5_2_FI,,,,,,,,,,,,
2,2,B4xB5,3,FI,2_B4xB5_3_FI,,,,,,,,,,,,
2,2,B4xB5,4,FI,2_B4xB5_4_FI,,,,,14,21,22,24,24,71,71,71
2,2,B4xB5,5,FI,2_B4xB5_5_FI,,,,,,,,,,,,
2,2,B4xB5,6,FI,2_B4xB5_6_FI,,,,,,,,,,,,
2,2,B4xB5,7,FI,2_B4xB5_7_FI,,,,,,,,,,,,
2,2,B4xB5,8,FI,2_B4xB5_8_FI,,,,,,,,,,,,
2,2,B4xB5,9,FI,2_B4xB5_9_FI,,,,,13,18,19,21,21,23,24,71
2,2,B4xB5,10,FI,2_B4xB5_10_FI,,,,,,,,,,,,
2,2,B4xB5,11,FI,2_B4xB5_11_FI,,,,,,,,,,,,
2,2,B4xB5,12,FI,2_B4xB5_12_FI,,,,,13,21,21,26,61,71,71,71
2,2,B4xB5,13,FI,2_B4xB5_13_FI,,,,,,,,,,,,
2,2,B4xB5,14,FI,2_B4xB5_14_FI,,,,,,,,,,,,
2,2,B4xB5,15,FI,2_B4xB5_15_FI,,,,,,,,,,,,
2,2,B4xB5,16,FI,2_B4xB5_16_FI,9,11,18,21,25,61,72,79,79,79,79,79
2,2,B4xB5,17,FI,2_B4xB5_17_FI,,,,,,,,,,,,
2,2,B4xB5,18,FI,2_B4xB5_18_FI,,,,,13,18,21,22,22,51,51,51
2,2,B4xB5,19,FI,2_B4xB5_19_FI,,,,,,,,,,,,
2,2,B4xB5,20,FI,2_B4xB5_20_FI,,,,,,,,,,,,
2,2,B4xB5,21,FI,2_B4xB5_21_FI,,,,,,,,,,,,
2,2,B4xB5,22,FI,2_B4xB5_22_FI,,,,,,,,,,,,
2,2,B4xB5,23,FI,2_B4xB5_23_FI,,,,,11,13,16,21,22,22,23,53
2,2,B4xB5,24,FI,2_B4xB5_24_FI,,,,,,,,,,,,
2,2,B4xB5,25,FI,2_B4xB5_25_FI,,,,,,,,,,,,
2,2,B4xB5,26,FI,2_B4xB5_26_FI,,,,,10,14,15,21,24,25,25,61
2,2,B4xB5,27,FI,2_B4xB5_27_FI,,,,,,,,,,,,
2,2,B4xB5,28,FI,2_B4xB5_28_FI,,7,,,13,21,22,24,53,61,72,73
2,3,B6xB4,1,FI,2_B6xB4_1_FI,,,,,14,19,21,21,21,21,24,24
2,3,B6xB4,2,FI,2_B6xB4_2_FI,,,,,,,,,,,,
2,3,B6xB4,3,FI,2_B6xB4_3_FI,,12,19,22,25,62,72,75,76,76,76,76
2,3,B6xB4,4,FI,2_B6xB4_4_FI,,11,17,21,25,61,71,72,77,77,77,77
2,3,B6xB4,5,FI,2_B6xB4_5_FI,,,,,,,,,,,,
2,3,B6xB4,6,FI,2_B6xB4_6_FI,,,,,13,16,21,21,21,21,22,22
2,3,B6xB4,7,FI,2_B6xB4_7_FI,,,,,,,,,,,,
2,3,B6xB4,8,FI,2_B6xB4_8_FI,,,,,12,17,21,22,23,23,23,23
2,3,B6xB4,9,FI,2_B6xB4_9_FI,,,,,,,,,,,,
2,3,B6xB4,10,FI,2_B6xB4_10_FI,,10,14,21,23,29,62,76,77,79,79,79
2,3,B6xB4,11,FI,2_B6xB4_11_FI,,,,,,,,,,,,
2,3,B6xB4,12,FI,2_B6xB4_12_FI,,,,,,,,,,,,
2,3,B6xB4,13,FI,2_B6xB4_13_FI,,12,16,21,25,61,64,76,77,79,79,79
2,3,B6xB4,14,FI,2_B6xB4_14_FI,7,12,19,22,24,64,71,79,79,79,79,79
2,3,B6xB4,15,FI,2_B6xB4_15_FI,,,19,,,,,,,,,
2,3,B6xB4,16,FI,2_B6xB4_16_FI,,11,19,22,24,62,73,75,75,77,77,79
2,3,B6xB4,17,FI,2_B6xB4_17_FI,10,13,18,21,25,62,65,79,79,79,79,79
2,3,B6xB4,18,FI,2_B6xB4_18_FI,7,12,,,25,29,62,71,71,71,71,72
2,3,B6xB4,19,FI,2_B6xB4_19_FI,,,,,,,,,,,,
2,3,B6xB4,20,FI,2_B6xB4_20_FI,,,,,13,18,18,21,21,22,22,22
2,3,B6xB4,21,FI,2_B6xB4_21_FI,,,,,,,,,,,,
2,3,B6xB4,22,FI,2_B6xB4_22_FI,,,17,21,,,,,,,,
2,3,B6xB4,23,FI,2_B6xB4_23_FI,7,12,,,25,63,72,78,79,79,79,79
2,3,B6xB4,24,FI,2_B6xB4_24_FI,,,,,,,,,,,,
2,3,B6xB4,25,FI,2_B6xB4_25_FI,,,,,13,19,21,24,29,29,29,29
2,3,B6xB4,26,FI,2_B6xB4_26_FI,,,,,,,,,,,,
2,3,B6xB4,27,FI,2_B6xB4_27_FI,,,,,13,19,21,24,26,29,71,71
2,3,B6xB4,28,FI,2_B6xB4_28_FI,,,,,,,,,,,,
2,4,B4xB6,1,FI,2_B4xB6_1_FI,,10,16,21,24,64,79,79,79,79,79,79
2,4,B4xB6,2,FI,2_B4xB6_2_FI,10,12,19,22,25,64,72,76,76,76,76,76
2,4,B4xB6,3,FI,2_B4xB6_3_FI,,,,,13,17,21,16,16,21,21,21
2,4,B4xB6,4,FI,2_B4xB6_4_FI,,,,,,,,,,,,
2,4,B4xB6,5,FI,2_B4xB6_5_FI,,,,,,,,,,,,
2,4,B4xB6,6,FI,2_B4xB6_6_FI,9,12,16,21,26,29,74,79,79,79,79,79
2,4,B4xB6,7,FI,2_B4xB6_7_FI,9,11,19,21,27,29,61,76,76,76,76,76
2,4,B4xB6,8,FI,2_B4xB6_8_FI,,,,,,,,,,,,
2,4,B4xB6,9,FI,2_B4xB6_9_FI,,,,,12,19,21,21,21,21,21,21
2,4,B4xB6,10,FI,2_B4xB6_10_FI,,,,,,,,,,,,
2,4,B4xB6,11,FI,2_B4xB6_11_FI,,,,,13,19,21,24,55,64,71,72
2,4,B4xB6,12,FI,2_B4xB6_12_FI,,,,,,,,,,,,
2,4,B4xB6,13,FI,2_B4xB6_13_FI,,,,,12,19,22,21,23,21,21,21
2,4,B4xB6,14,FI,2_B4xB6_14_FI,7,11,18,21,25,51,72,76,76,76,76,
2,4,B4xB6,15,FI,2_B4xB6_15_FI,9,11,18,21,25,29,22,29,61,71,71,72
2,4,B4xB6,16,FI,2_B4xB6_16_FI,9,12,19,22,26,61,15,79,79,79,79,79
2,4,B4xB6,17,FI,2_B4xB6_17_FI,,,,,13,21,66,21,21,21,21,21
2,4,B4xB6,18,FI,2_B4xB6_18_FI,,,,,,,,,,,,
2,4,B4xB6,19,FI,2_B4xB6_19_FI,,,,,13,19,75,29,54,54,71,71
2,4,B4xB6,20,FI,2_B4xB6_20_FI,,,,,,,,,,,,
2,4,B4xB6,21,FI,2_B4xB6_21_FI,,,,,13,19,24,21,22,22,22,52
2,4,B4xB6,22,FI,2_B4xB6_22_FI,,,,,,,,,,,,
2,4,B4xB6,23,FI,2_B4xB6_23_FI,,11,19,21,25,29,73,79,79,79,79,79
2,4,B4xB6,24,FI,2_B4xB6_24_FI,,,,,13,21,73,75,75,75,76,77
2,4,B4xB6,25,FI,2_B4xB6_25_FI,,11,16,21,25,29,67,78,78,78,78,78
2,4,B4xB6,26,FI,2_B4xB6_26_FI,,11,19,21,26,61,71,79,79,79,79,79
2,4,B4xB6,27,FI,2_B4xB6_27_FI,9,12,19,22,24,29,74,79,79,79,79,79
2,4,B4xB6,28,FI,2_B4xB6_28_FI,,,,,,,,,,,,
3,1,B3xB4,1,FI,3_B3xB4_1_FI,,,,,13,21,23,25,61,71,72,76
3,1,B3xB4,2,FI,3_B3xB4_2_FI,,,,,,,,,,,,
3,1,B3xB4,3,FI,3_B3xB4_3_FI,,,,,12,19,21,24,24,24,61,71
3,1,B3xB4,4,FI,3_B3xB4_4_FI,,,,,,,,,,,,
3,1,B3xB4,5,FI,3_B3xB4_5_FI,9,11,16,21,25,64,73,79,79,79,79,79
3,1,B3xB4,6,FI,3_B3xB4_6_FI,,,,,,,,,,,,
3,1,B3xB4,7,FI,3_B3xB4_7_FI,,,,,,,,,,,,
3,1,B3xB4,8,FI,3_B3xB4_8_FI,,11,19,21,24,29,65,73,73,74,74,79
3,1,B3xB4,9,FI,3_B3xB4_9_FI,9,12,17,21,26,29,71,77,77,77,77,79
3,1,B3xB4,10,FI,3_B3xB4_10_FI,,,,,,,,,,,,
3,1,B3xB4,11,FI,3_B3xB4_11_FI,,,,,,,,,,,,
3,1,B3xB4,12,FI,3_B3xB4_12_FI,,,,,,,,,,,,
3,1,B3xB4,13,FI,3_B3xB4_13_FI,9,10,16,21,25,29,72,77,77,74,74,79
3,1,B3xB4,14,FI,3_B3xB4_14_FI,,,,,,,,,,,,
3,1,B3xB4,15,FI,3_B3xB4_15_FI,,,,,,,,,,,,
3,1,B3xB4,16,FI,3_B3xB4_16_FI,,,,,,,,,,,,
3,1,B3xB4,17,FI,3_B3xB4_17_FI,9,11,17,21,23,29,64,72,73,73,73,79
3,1,B3xB4,18,FI,3_B3xB4_18_FI,,,,,,,,,,,,
3,1,B3xB4,19,FI,3_B3xB4_19_FI,,,,,13,21,21,,,,,
3,1,B3xB4,20,FI,3_B3xB4_20_FI,,,,,,,,,,,,
3,1,B3xB4,21,FI,3_B3xB4_21_FI,,,,,,,,,,,,
3,1,B3xB4,22,FI,3_B3xB4_22_FI,,,,,13,14,21,24,24,51,72,74
3,1,B3xB4,23,FI,3_B3xB4_23_FI,,,,,,,,,,,,
3,1,B3xB4,24,FI,3_B3xB4_24_FI,,,,,12,17,21,25,29,52,71,71
3,1,B3xB4,25,FI,3_B3xB4_25_FI,,,,,13,14,19,25,53,51,51,71
3,1,B3xB4,26,FI,3_B3xB4_26_FI,,,,,,,,,,,,
3,1,B3xB4,27,FI,3_B3xB4_27_FI,,,,,,,,,,,,
3,1,B3xB4,28,FI,3_B3xB4_28_FI,7,7,,,13,21,24,29,63,73,73,76
3,2,B4xB5,1,FI,3_B4xB5_1_FI,,,,,,,,,,,,
3,2,B4xB5,2,FI,3_B4xB5_2_FI,,,,,14,21,24,27,61,71,71,77
3,2,B4xB5,3,FI,3_B4xB5_3_FI,,,,,,,,,,,,
3,2,B4xB5,4,FI,3_B4xB5_4_FI,,,,,,,,,,,,
3,2,B4xB5,5,FI,3_B4xB5_5_FI,,,,,,,,,,,,
3,2,B4xB5,6,FI,3_B4xB5_6_FI,,,,,12,16,19,23,52,62,72,74
3,2,B4xB5,7,FI,3_B4xB5_7_FI,,,,,,,,,,,,
3,2,B4xB5,8,FI,3_B4xB5_8_FI,,,,,,,,,,,,
3,2,B4xB5,9,FI,3_B4xB5_9_FI,,,,,,,,,,,,
3,2,B4xB5,10,FI,3_B4xB5_10_FI,9,11,19,21,26,29,71,79,79,79,79,79
3,2,B4xB5,11,FI,3_B4xB5_11_FI,,,,,,,,,,,,
3,2,B4xB5,12,FI,3_B4xB5_12_FI,9,12,19,21,25,61,63,77,77,77,77,79
3,2,B4xB5,13,FI,3_B4xB5_13_FI,,,,,,,,,,,,
3,2,B4xB5,14,FI,3_B4xB5_14_FI,10,11,19,21,25,64,68,79,79,79,79,79
3,2,B4xB5,15,FI,3_B4xB5_15_FI,,10,16,21,24,29,72,79,79,79,79,79
3,2,B4xB5,16,FI,3_B4xB5_16_FI,,,,,,,,,,,,
3,2,B4xB5,17,FI,3_B4xB5_17_FI,,,,,,,,,,,,
3,2,B4xB5,18,FI,3_B4xB5_18_FI,7,10,17,21,23,29,68,79,79,79,79,79
3,2,B4xB5,19,FI,3_B4xB5_19_FI,,,,,,,,,,,,
3,2,B4xB5,20,FI,3_B4xB5_20_FI,,,,,,,,,,,,
3,2,B4xB5,21,FI,3_B4xB5_21_FI,9,11,17,21,25,62,73,79,79,79,79,79
3,2,B4xB5,22,FI,3_B4xB5_22_FI,,,,,,,,,,,,
3,2,B4xB5,23,FI,3_B4xB5_23_FI,,,14,16,21,26,29,65,74,74,74,79
3,2,B4xB5,24,FI,3_B4xB5_24_FI,,,,,,,,,,,,
3,2,B4xB5,25,FI,3_B4xB5_25_FI,,,,,,,,,,,,
3,2,B4xB5,26,FI,3_B4xB5_26_FI,,,,,,,,,,,,
3,2,B4xB5,27,FI,3_B4xB5_27_FI,,,,,,,,,,,,
3,2,B4xB5,28,FI,3_B4xB5_28_FI,,,,,,,,,,,,
3,3,B6xB4,1,FI,3_B6xB4_1_FI,,,,,13,19,21,23,62,23,23,51
3,3,B6xB4,2,FI,3_B6xB4_2_FI,,,,,,,,,,,,
3,3,B6xB4,3,FI,3_B6xB4_3_FI,10,12,19,22,26,26,69,73,73,73,73,74
3,3,B6xB4,4,FI,3_B6xB4_4_FI,10,12,19,21,24,63,72,79,79,79,79,79
3,3,B6xB4,5,FI,3_B6xB4_5_FI,,,,,,,,,,,,
3,3,B6xB4,6,FI,3_B6xB4_6_FI,9,,,,13,17,21,,,,,
3,3,B6xB4,7,FI,3_B6xB4_7_FI,,12,18,21,25,66,72,79,79,79,79,79
3,3,B6xB4,8,FI,3_B6xB4_8_FI,9,,,,,,,,,,,
3,3,B6xB4,9,FI,3_B6xB4_9_FI,,12,19,21,26,29,63,75,75,78,78,79
3,3,B6xB4,10,FI,3_B6xB4_10_FI,7,,,,,,,,,,,
3,3,B6xB4,11,FI,3_B6xB4_11_FI,,11,17,21,24,29,61,72,73,74,74,74
3,3,B6xB4,12,FI,3_B6xB4_12_FI,,,,,,,,,,,,
3,3,B6xB4,13,FI,3_B6xB4_13_FI,,,,,14,19,21,21,21,21,21,21
3,3,B6xB4,14,FI,3_B6xB4_14_FI,,,,,,,,,,,,
3,3,B6xB4,15,FI,3_B6xB4_15_FI,,10,17,21,28,61,71,71,72,73,73,73
3,3,B6xB4,16,FI,3_B6xB4_16_FI,,,,,,,,,,,,
3,3,B6xB4,17,FI,3_B6xB4_17_FI,,11,19,21,25,61,71,79,79,79,79,79
3,3,B6xB4,18,FI,3_B6xB4_18_FI,,,,,,,,,,,,
3,3,B6xB4,19,FI,3_B6xB4_19_FI,9,12,19,23,27,29,68,79,79,79,79,79
3,3,B6xB4,20,FI,3_B6xB4_20_FI,,,,,,,,,,,,
3,3,B6xB4,21,FI,3_B6xB4_21_FI,,,,,13,21,23,23,62,71,71,71
3,3,B6xB4,22,FI,3_B6xB4_22_FI,,,,,,,,,,,,
3,3,B6xB4,23,FI,3_B6xB4_23_FI,,,,,13,21,21,26,52,71,71,71
3,3,B6xB4,24,FI,3_B6xB4_24_FI,,,,,,,,,,,,
3,3,B6xB4,25,FI,3_B6xB4_25_FI,9,11,19,21,25,29,64,76,76,76,76,78
3,3,B6xB4,26,FI,3_B6xB4_26_FI,,,,,13,21,24,21,21,21,22,22
3,3,B6xB4,27,FI,3_B6xB4_27_FI,,,,,,,,,,,,
3,3,B6xB4,28,FI,3_B6xB4_28_FI,9,10,18,21,25,29,74,79,79,79,79,79
3,4,B4xB6,1,FI,3_B4xB6_1_FI,9,12,19,22,25,62,73,77,78,79,79,79
3,4,B4xB6,2,FI,3_B4xB6_2_FI,,10,19,21,24,29,74,79,79,79,79,79
3,4,B4xB6,3,FI,3_B4xB6_3_FI,,,,,,,,,,,,
3,4,B4xB6,4,FI,3_B4xB6_4_FI,,10,14,19,23,29,75,77,78,79,79,79
3,4,B4xB6,5,FI,3_B4xB6_5_FI,,,,,,,,,,,,
3,4,B4xB6,6,FI,3_B4xB6_6_FI,,,,,13,21,72,24,25,25,25,71
3,4,B4xB6,7,FI,3_B4xB6_7_FI,,,,,,,,,,,,
3,4,B4xB6,8,FI,3_B4xB6_8_FI,9,10,19,21,23,61,71,75,75,79,79,79
3,4,B4xB6,9,FI,3_B4xB6_9_FI,,12,18,21,25,63,72,79,79,79,79,79
3,4,B4xB6,10,FI,3_B4xB6_10_FI,,,,,,,,,,,,
3,4,B4xB6,11,FI,3_B4xB6_11_FI,9,12,19,21,25,61,67,73,73,77,77,77
3,4,B4xB6,12,FI,3_B4xB6_12_FI,,,,,,,,,,,,
3,4,B4xB6,13,FI,3_B4xB6_13_FI,,,,,12,19,19,21,21,21,21,21
3,4,B4xB6,14,FI,3_B4xB6_14_FI,,,,,14,21,22,24,55,24,24,25
3,4,B4xB6,15,FI,3_B4xB6_15_FI,,,,,13,19,21,23,23,71,,71
3,4,B4xB6,16,FI,3_B4xB6_16_FI,,,,,,,,,,,,
3,4,B4xB6,17,FI,3_B4xB6_17_FI,9,11,15,21,25,68,72,74,74,79,79,79
3,4,B4xB6,18,FI,3_B4xB6_18_FI,,,,,,,,,,,,
3,4,B4xB6,19,FI,3_B4xB6_19_FI,,,,,13,21,22,24,52,71,71,71
3,4,B4xB6,20,FI,3_B4xB6_20_FI,,,,,13,21,29,73,71,71,71,23
3,4,B4xB6,21,FI,3_B4xB6_21_FI,,,,,,,,,,,,
3,4,B4xB6,22,FI,3_B4xB6_22_FI,,12,19,21,27,62,72,73,74,79,79,79
3,4,B4xB6,23,FI,3_B4xB6_23_FI,,,,,,,,,,,,
3,4,B4xB6,24,FI,3_B4xB6_24_FI,,,,,13,21,71,74,75,75,75,75
3,4,B4xB6,25,FI,3_B4xB6_25_FI,,,,,13,18,22,22,51,61,71,71
3,4,B4xB6,26,FI,3_B4xB6_26_FI,,,,,,,,,,,,
3,4,B4xB6,27,FI,3_B4xB6_27_FI,,11,15,21,25,61,74,76,76,79,79,79
3,4,B4xB6,28,FI,3_B4xB6_28_FI,,10,19,21,28,29,72,73,74,79,79,79